{
	"OBS1_item":{
		"1": "3128",
		"2": "3130",
		"3": "3132",
		"4": "3134",
		"5": "3136",
		"6": "3138",
		"7": "3140",
		"8": "3142",
		"9": "3144",
		"10": "3146",
		"11": "3148",
		"12": "3150",
		"13": "3152",
		"14": "3154",
		"15": "3156",
		"16": "3158",
		"17": "3160",
		"18": "3162",
		"19": "3164",
		"20": "3166",
		"21": "5478",
		"22": "5480",
		"23": "5482",
		"24": "5484",
		"25": "5486",
		"26": "5488",
		"27": "5490"
	},
	"OBS2_item":{
		"1": "3168",
		"2": "3170",
		"3": "3172",
		"4": "3174",
		"5": "3176",
		"6": "3178",
		"7": "3180",
		"8": "3182",
		"9": "3184",
		"10": "3186",
		"11": "3188",
		"12": "3190",
		"13": "3192",
		"14": "3194",
		"15": "3196",
		"16": "3198",
		"17": "3200",
		"18": "3202",
		"19": "3204",
		"20": "3206",
		"21": "5506",
		"22": "5508",
		"23": "5510",
		"24": "5512",
		"25": "5514",
		"26": "5516",
		"27": "5518"
	},
	"OBS1_tipo_beneficiario":{
		"Titular": "3208",
		"Dependente 01": "3210",
		"Dependente 02": "3212",
		"Dependente 03": "3214",
		"Dependente 04": "3216",
		"Dependente 05": "3218"
	},
	"OBS2_tipo_beneficiario":{
		"Titular": "3220",
		"Dependente 01": "3222",
		"Dependente 02": "3224",
		"Dependente 03": "3226",
		"Dependente 04": "3228",
		"Dependente 05": "3230"
	},
	"OBS3_item":{
		"1": "3232",
		"2": "3234",
		"3": "3236",
		"4": "3238",
		"5": "3240",
		"6": "3242",
		"7": "3244",
		"8": "3246",
		"9": "3248",
		"10": "3250",
		"11": "3252",
		"12": "3254",
		"13": "3256",
		"14": "3258",
		"15": "3260",
		"16": "3262",
		"17": "3264",
		"18": "3266",
		"19": "3268",
		"20": "3270",
		"21": "5534",
		"22": "5536",
		"23": "5538",
		"24": "5540",
		"25": "5542",
		"26": "5544",
		"27": "5546"
	},
	"OBS5_item":{
		"1": "3318",
		"2": "3320",
		"3": "3322",
		"4": "3324",
		"5": "3326",
		"6": "3328",
		"7": "3330",
		"8": "3332",
		"9": "3334",
		"10": "3336",
		"11": "3338",
		"12": "3340",
		"13": "3342",
		"14": "3344",
		"15": "3346",
		"16": "3348",
		"17": "3350",
		"18": "3352",
		"19": "3354",
		"20": "3356",
		"21": "5590",
		"22": "5592",
		"23": "5594",
		"24": "5596",
		"25": "5598",
		"26": "5600",
		"27": "5602"
	},
	"OBS4_item":{
		"1": "3278",
		"2": "3280",
		"3": "3282",
		"4": "3284",
		"5": "3286",
		"6": "3288",
		"7": "3290",
		"8": "3292",
		"9": "3294",
		"10": "3296",
		"11": "3298",
		"12": "3300",
		"13": "3302",
		"14": "3304",
		"15": "3306",
		"16": "3308",
		"17": "3310",
		"18": "3312",
		"19": "3314",
		"20": "3316",
		"21": "5562",
		"22": "5564",
		"23": "5566",
		"24": "5568",
		"25": "5570",
		"26": "5572",
		"27": "5574"
	},
	"OBS6_item":{
		"1": "3358",
		"2": "3360",
		"3": "3362",
		"4": "3364",
		"5": "3366",
		"6": "3368",
		"7": "3370",
		"8": "3372",
		"9": "3374",
		"10": "3376",
		"11": "3378",
		"12": "3380",
		"13": "3382",
		"14": "3384",
		"15": "3386",
		"16": "3388",
		"17": "3390",
		"18": "3392",
		"19": "3394",
		"20": "3396",
		"21": "5618",
		"22": "5620",
		"23": "5622",
		"24": "5624",
		"25": "5626",
		"26": "5628",
		"27": "5630"
	},
	"OBS8_item":{
		"1": "3438",
		"2": "3440",
		"3": "3442",
		"4": "3444",
		"5": "3446",
		"6": "3448",
		"7": "3450",
		"8": "3452",
		"9": "3454",
		"10": "3456",
		"11": "3458",
		"12": "3460",
		"13": "3462",
		"14": "3464",
		"15": "3466",
		"16": "3468",
		"17": "3470",
		"18": "3472",
		"19": "3474",
		"20": "3476",
		"21": "5674",
		"22": "5676",
		"23": "5678",
		"24": "5680",
		"25": "5682",
		"26": "5684",
		"27": "5686"
	},
	"OBS9_item":{
		"1": "3478",
		"2": "3480",
		"3": "3482",
		"4": "3484",
		"5": "3486",
		"6": "3488",
		"7": "3490",
		"8": "3492",
		"9": "3494",
		"10": "3496",
		"11": "3498",
		"12": "3500",
		"13": "3502",
		"14": "3504",
		"15": "3506",
		"16": "3508",
		"17": "3510",
		"18": "3512",
		"19": "3514",
		"20": "3516",
		"21": "5702",
		"22": "5704",
		"23": "5706",
		"24": "5708",
		"25": "5710",
		"26": "5712",
		"27": "5714"
	},
	"OBS10_item":{
		"1": "3518",
		"2": "3520",
		"3": "3522",
		"4": "3524",
		"5": "3526",
		"6": "3528",
		"7": "3530",
		"8": "3532",
		"9": "3534",
		"10": "3536",
		"11": "3538",
		"12": "3540",
		"13": "3542",
		"14": "3544",
		"15": "3546",
		"16": "3548",
		"17": "3550",
		"18": "3552",
		"19": "3554",
		"20": "3556",
		"21": "5730",
		"22": "5732",
		"23": "5734",
		"24": "5736",
		"25": "5738",
		"26": "5740",
		"27": "5742"
	},
	"OBS7_item":{
		"1": "3398",
		"2": "3400",
		"3": "3402",
		"4": "3404",
		"5": "3406",
		"6": "3408",
		"7": "3410",
		"8": "3412",
		"9": "3414",
		"10": "3416",
		"11": "3418",
		"12": "3420",
		"13": "3422",
		"14": "3424",
		"15": "3426",
		"16": "3428",
		"17": "3430",
		"18": "3432",
		"19": "3434",
		"20": "3436",
		"21": "5646",
		"22": "5648",
		"23": "5650",
		"24": "5652",
		"25": "5654",
		"26": "5656",
		"27": "5658"
	},
	"OBS3_tipo_beneficiario":{
		"Titular": "3570",
		"Dependente 01": "3572",
		"Dependente 02": "3574",
		"Dependente 03": "3576",
		"Dependente 04": "3578",
		"Dependente 05": "3580"
	},
	"OBS4_tipo_beneficiario":{
		"Titular": "3582",
		"Dependente 01": "3584",
		"Dependente 02": "3586",
		"Dependente 03": "3588",
		"Dependente 04": "3590",
		"Dependente 05": "3592"
	},
	"OBS5_tipo_beneficiario":{
		"Titular": "3594",
		"Dependente 01": "3596",
		"Dependente 02": "3598",
		"Dependente 03": "3600",
		"Dependente 04": "3602",
		"Dependente 05": "3604"
	},
	"OBS6_tipo_beneficiario":{
		"Titular": "3606",
		"Dependente 01": "3608",
		"Dependente 02": "3610",
		"Dependente 03": "3612",
		"Dependente 04": "3614",
		"Dependente 05": "3616"
	},
	"OBS7_tipo_beneficiario":{
		"Titular": "3618",
		"Dependente 01": "3620",
		"Dependente 02": "3622",
		"Dependente 03": "3624",
		"Dependente 04": "3626",
		"Dependente 05": "3628"
	},
	"OBS9_tipo_beneficiario":{
		"Titular": "3642",
		"Dependente 01": "3644",
		"Dependente 02": "3646",
		"Dependente 03": "3648",
		"Dependente 04": "3650",
		"Dependente 05": "3652"
	},
	"OBS8_tipo_beneficiario":{
		"Titular": "3630",
		"Dependente 01": "3632",
		"Dependente 02": "3634",
		"Dependente 03": "3636",
		"Dependente 04": "3638",
		"Dependente 05": "3640"
	},
	"OBS10_tipo_beneficiario":{
		"Titular": "3558",
		"Dependente 01": "3560",
		"Dependente 02": "3562",
		"Dependente 03": "3564",
		"Dependente 04": "3566",
		"Dependente 05": "3568"
	}
}