[
  {
    "1":"Doenças do aparelho cardiocirculatório (como angina, infarto, pressão alta, arritmias, aneurisma de aorta, cirurgias cardíacas anteriores e doenças cardíacas congênitas, entre outras).",
	"2":"Doenças endócrinas e metabólicas (como diabetes, hipertireoidismo e hipotireoidismo, obesidade, entre outras).",
	"3":"Doenças do sangue, iminulógicas e do colágeno ou autoimunes (como anemias, púrpuras, talassemias, HIV, AIDS e suas complicações, lúpus eritematoso, esclerose múltipla e artrite reumatóide, entre outras).",
	"4":"Doenças do sistema nervoso e cerebrovasculares (como derrame, aneurisma cerebral, paralisia cerebral, Parkinson, Alzheimer, epilepsia e doenças congênitas do sistema nervoso, entre outras).",
	"5":"Doenças crônicas do aparelho respiratório e/ou doenças do ouvido, do nariz e da garganta (como asma, bronquite, enfisema, pneumonia de repetição, sinusite e desvio do septo nasal, entre outras).",
	"6":"Doenças ortopédicas (como artrose, hérnia de disco, deformidade óssea, osteoporose, lesão ligamentar, lesão de tendão, desvios de coluna, deformidades ósseas congênitas, e fraturas de repetição, entre outras).",
	"7":"Doenças ou tumorizações malignas, (como leucemia, mieloma múltiplo, carcinoma, melanoma, linfoma e todos os tipos de câncer).",
	"8":"Doenças do aparelho urinário e do aparelho reprodutor masculino ou feminino (como cálculo renal, insuficiência renal, infecção urinária de repetição, incontinência urinária, doenças da próstata, cistos de ovário, mioma uterino e nódulos de mama, entre outros).",
	"9":"Qualquer outra doença que não se relacione ou não se encontre descrita nos itens anteriores ou que tenha gerado ou não internação."
  }
]